timestamp,simple-path,time
"2022-04-25 19:47:41.203","/master/welcome",2264
"2022-04-25 19:47:42.537","/any/item/list-tool",1152
"2022-04-25 19:47:44.762","/master/welcome",170
"2022-04-25 19:47:45.501","/any/item/list-tool",564
"2022-04-25 19:47:47.725","/master/welcome",174
"2022-04-25 19:47:48.453","/any/item/list-tool",558
"2022-04-25 19:47:50.696","/master/welcome",155
"2022-04-25 19:47:51.436","/any/item/list-tool",569
"2022-04-25 19:47:52.222","/any/item/show",556
"2022-04-25 19:47:52.771","/master/welcome",171
"2022-04-25 19:47:53.502","/any/item/list-tool",560
"2022-04-25 19:47:54.294","/any/item/show",557
"2022-04-25 19:47:54.822","/master/welcome",153
"2022-04-25 19:47:55.543","/any/item/list-tool",549
"2022-04-25 19:47:56.335","/any/item/show",558
"2022-04-25 19:47:56.866","/master/welcome",157
"2022-04-25 19:47:57.592","/any/item/list-component",557
"2022-04-25 19:47:59.8","/master/welcome",157
"2022-04-25 19:48:00.535","/any/item/list-component",565
"2022-04-25 19:48:02.742","/master/welcome",152
"2022-04-25 19:48:03.474","/any/item/list-component",562
"2022-04-25 19:48:05.684","/master/welcome",153
"2022-04-25 19:48:06.402","/any/item/list-component",550
"2022-04-25 19:48:07.186","/any/item/show",546
"2022-04-25 19:48:07.701","/master/welcome",143
"2022-04-25 19:48:08.434","/any/item/list-component",565
"2022-04-25 19:48:09.233","/any/item/show",565
"2022-04-25 19:48:09.793","/master/welcome",144
"2022-04-25 19:48:11.001","/any/item/list-component",642
"2022-04-25 19:48:11.789","/any/item/show",557
